ITItem,RCA,Description
Rapid LR 2.0,Master Maintenance,Please Refresh for Rural Master Sync in Cache Memory REASON: Update in branch campaign Master & FIeld Allocation Master bfl_std_lake . rtl_cc .rpl_rapidlr_branch_campaign_master
Rapid LR 2.0,Master Maintenance,Please Refresh for Rural Master Sync in Cache Memory bfl_std_lake . rtl_cc .rpl_rapidlr_branch_campaign_master
Rapid LR 2.0,Master Maintenance,Hi Please refresh following table bfl_std_lake.mktg_web_wpb.web_app_master_lead_lounge
Rapid LR 2.0,Master Maintenance,Please Refresh for Rural Master Sync in Cache Memory REASON: Update in branch campaign Master & FIeld Allocation Master bfl_std_lake . rtl_cc .rpl_rapidlr_branch_campaign_master
Rapid LR 2.0,Master Maintenance,Please Refresh for Rural Master Sync in Cache Memory REASON: Update in branch campaign Master & FIeld Allocation Master bfl_std_lake . rtl_cc .rpl_rapidlr_branch_campaign_master
Rapid LR 2.0,Master Maintenance,Please Refresh for Rural Master Sync in Cache Memory REASON: Update in branch campaign Master bfl_std_lake . rtl_cc .rpl_rapidlr_branch_campaign_master
Rapid LR 2.0,Master Maintenance,"Hi, Please update the below mentioned Table master @Mohit Agarwal and @Mounika Pokala end- BFL_STD_LAKE . PL_COE_MART . LEAD_ID_MASTER_SPL This update is required because some sources data was excluding because of source and internal source was not updated."
Rapid LR 2.0,Master Maintenance,Hi @Shoumik Panandikar / @Suraj Bhambure Please sync the below tables bfl_std_lake.insurance_distribution.pincode_health_master bfl_std_lake.insurance_distribution.pb_campaign_master_rlr in Rapidlr Please refresh it after it refresh at ICORS. Note: I have already raised the ticket for ICORS refresh ( 6743210 )
Rapid LR 2.0,Master Maintenance,Please Refresh for Rural Master Sync in Cache Memory REASON: Update in Lead Lounge Master
Rapid LR 2.0,Master Maintenance,"HI, Please update the below mentioned master table at @Mohit Agarwal and @Mounika Pokala end- BFL_STD_LAKE . PL_COE_MART . LEAD_ID_MASTER_SPL"
Rapid LR 2.0,Clarification,BL & PPL realtime model is not receiving any leads post 18th July onwards. This has heavily impacted the model's outcome.
Rapid LR 2.0,Master Maintenance,"Hi @Suraj Bhambure , Please replace the Old default campaign by these new campaigns- Changes are only for PLPPL @Meetesh Kumar , as discussed both new campaigns are being allocated as CISCO_2 Old Campaign New Campaign BFL_RAPIDLR_PL_EMERGING_HINDI_BARE BFL_RLR_PLP_EME_AI_BOT_HIN_Pune BFL_RAPIDLR_PLCSG_P2_HINDI_BARE BFL_RLR_PLP_GR_AI_BOT_HIN_Pune"
Rapid LR 2.0,Master Maintenance,"Hi, Please update the master for below mentioned table @Mohit Agarwal and @Shoumik Panandikar end- BFL_STD_LAKE.PL_COE_MART.RAPIDLR_BRNCH_CHNL_MASTER"
Rapid LR 2.0,Clarification,"Hi @Suraj Bhambure , As we checked the data many of the shortcode's response business is not being stamped. Kindly check and validate why this is happening- Source responseBusiness mobile_count bajajfinmc 6273 bajajfinibd 18138 bfltppmcl4 18951 bflt1mcl2 20290 bflt1mcl5 514 bajajfinms 5590 bajajfinmcl8 26909 bfltppmcl2 1471 bflt1mcl4 30022 Bajajfinmcl17 94921 bajaj1mcl 18229 MCA_TPL 37914 bajajfincallz 32539 bfltppmcl1 135654 DNC_Growth 421 PLCS_Growth_V 221 bflplcspcinf 34583 VF_Urban 79998 bajaj2mcl 12552 bflt1mcl3 9309 bajajmclfrv 1939 bflt1mcl1 30767 PRSPGTH 18 bflt1inf1 13 bflplcseinf 1 bflt1inf3 1 bflt1inf2 1"
Rapid LR 2.0,Master Maintenance,"Hi, Please update the master @Mohit Agarwal and @Mounika Pokala end for below mentioned table- BFL_STD_LAKE . PL_COE_MART . RAPIDLR_BRNCH_CHNL_MASTER"
Rapid LR 2.0,Clarification,"Hi, As we checked the all the NTB feeds are excluding as reason stamping as Offer not available. Kindly check because in NTB case offer will not be available."
Rapid LR 2.0,Master Maintenance,"Hi, Please update the below mentioned table master at @Mohit Agarwal and @Mounika Pokala end- BFL_STD_LAKE . PL_COE_MART . LEAD_ID_MASTER_SPL BFL_STD_LAKE . PL_COE_MART . PRIORITY_MASTER_SPL"
Rapid LR 2.0,Master Maintenance,"Hi, Please update the master @Mohit Agarwal and @Mounika Pokala end for below mentioned table- BFL_STD_LAKE.PL_COE_MART.RAPIDLR_CAMPAIGN_MASTER"
Rapid LR 2.0,Clarification,"HI @Suraj Bhambure , Please check why SPL prime feeds are going to SPL growth Campaign, also Response business is stamping as SALPL Growth. logId correlationId mobile source internalSource status statusReason processor StartTime processorEndTime leadLoungeId platform subProduct eventName eventDescription cta hotnessPriority customerId prospectId identifier utmSource utmMedium utmCampaign responseBusiness processType priority pincode city state sourcingBranchId isGST loanAmount employmentType channelType channelBusiness channelLeadType leadTypeFlag interestType channel flag telecallingTeam prefLanguage enquirySource coolingPeriodInDays flagETBNTB paddedMobile offerEntryId offerStatusId offerId offerExtId dialerName dialerCampaign dialerSyncStatus smsCampaign smsSyncStatus loanApiStatus custDemogAPIStatus plcsAPIResponse statusHstUpdate smsResponse smsAPIStartTime smsAPIEndTime dialerStatus dialerStartTime dialerEndTime 525c30bb-3fc2-407e-93a1-6c0948b365b6 d95eca22-9dc7-4dab-08f6-54d7ffac7ffd-2b0bd602-04c9-0d99-4877-6153a09bcfe7 47943064E104E33F3DC36D1F651807656D4301C3CAED145C6A34225C5C85B2AB ONDC ONDC Eligible Eligible 7/31/2025 12:42:22 AM 42:22.2 ONDC SPL SPL_NTB_ONDC_B2C_SUMMARY JOURNEY_CLICK ONDC H4 SPL https://bap.credit.becknprotocol.io/personal-banking/loans/personal-loan 1 SALPL GROWTH P2 201303 NOIDA SALPL Prime <td style=""padding-top:1px;padding-right:1px;padding-left:1px;color:black;font-size:11pt;font-family:""Aptos Narrow"","
Rapid LR 2.0,Clarification,"Hi @Suraj Bhambure , As we checked data is available in event hub but feeds are not flowing in Rapid LR. Kindly check what is the issue?- {""firstName"":"""",""lastName"":"""",""Mobile_Number__c"":""919953755715"",""utmSource"":""7065019444"",""utmCampaign"":""Bflsalplgmsc"",""utmMedium"":""VF_Urban"",""city"":""Delhi"",""employmentType"":"""",""dob"":"""",""pincode"":"""",""streetAddress1"":"""",""streetAddress2"":"""",""areaLocality"":"""",""panNumber"":"""",""email"":"""",""categoryField1"":"""",""eventType"":""valuefirst"",""state"":""MH"",""consentId"":"""",""EventProcessedUtcTime"":""2025-07-04T06:44:13.1830958Z"",""PartitionId"":0,""EventEnqueuedUtcTime"":""2025-07-04T04:33:57.3220000Z""}"
Rapid LR 2.0,Service Request,Hi @Mounika Pokala / @Suraj Bhambure Please sync the table bfl_std_lake.insurance_distribution.pincode_health_master in Rapidlr Please refresh it after it refresh at ICORS. Note: I have already raised the ticket for ICORS refresh ( 6888773 )
Rapid LR 2.0,Clarification,"Hi, As we checked the super app and web feeds are not flowing from 19th July- Row Labels AIRTEL DL GMB IVR email SUPERAPP valuefirst VOICEBOT WEB Grand Total 7/16/2025 34 5 2736 97 636 492 4000 7/17/2025 35 2 2735 851 922 502 5047 7/18/2025 17 1 1 825 989 482 140 2455 7/19/2025 11 2 1 842 547 1403 7/20/2025 134 134 Grand Total 97 10 2 6296 2913 2587 1134 13039 Kindly check"
Rapid LR: B2B Urban,Master Maintenance,Lead lounge master refresh : Adding Event to Rapid LR 1
Rapid LR 2.0,Master Maintenance,Hi Please refresh the tables bfl_std_lake.sme_coe.dj_rapid_lr_sme_offermart bfl_std_lake.sme_coe.mbls_campaign_rapidlr
Rapid LR 2.0,Clarification,"HI, We checked in most of the data Chanel type and response business is not stamping in rapid LR logs. Kindly check and start stamping . attaching file for your reference."
Rapid LR 2.0,Clarification,"Hi, Please check the attached file all feeds are excluding as Default campaign not set , despite all the branches are available in Branch Master of SALPL."
Rapid LR 2.0,Master Maintenance,Please Refresh for Rural Master Sync in Cache Memory bfl_std_lake . rtl_cc .rpl_rapidlr_branch_campaign_master Update:- Update for Bot routing of bfdl cases + Lead Lounge Master Refresh
Rapid LR 2.0 Wheels,IT Requests,"Hi Team, PFB snap where we have added campaigns in campaign master below table. bfl_std_lake.sme_coe.mbls_campaign_rapidlr kindly sync Rapid LR campaign Master for UCF."
Rapid LR 2.0 Wheels,Master Maintenance,"Hi Team, please check we have alreday updated master table still data not sync properly in given campaign. bfl_std_lake.sme_coe.mbls_campaign_rapidlr PFB Rapid LR table data where data is sync in only 1 campaign. Campaign name CISCO CISCO_2 (blank) Grand Total BFL_UCF_DIRECT_RAPIDLR_PUNE 7 7 BFL_UCF_RAPIDLR_H1_Hem_Mang 348 348 BFL_UCF_RAPIDLR_H1_Tam_Mang 1 1 BFL_UCF_RAPIDLR_H1_Tel_Mang 1 1 (blank) 227 227 Grand Total 350 7 227 584 kindly check."
Rapid LR 2.0,Clarification,"Hi Team, The BFDL team ingested and pushed approximately 62,000 records from their end yesterday, and as per the attached file, the push was successful. However, in our RapidLR system, we have received only around 4,100 feeds. Kindly check and confirm if there is any leakage or issue in the data flow. Regards, Nikhil Bhosale"
Rapid LR 2.0,Clarification,"Hi, Please check the attached data where in our SPL branch master branches are already mentioned but feeds are excluding as reason stamped Default campaign not available."
Rapid LR 2.0,Master Maintenance,"Hi, Please update the below mentioned master tables at @Mohit Agarwal and @Mounika Pokala end- BFL_STD_LAKE . PL_COE_MART . RAPIDLR_BRNCH_CHNL_MASTER bfl_std_lake . plds_biz . dnd_rk_campaign_master_ntb bfl_std_lake . pl_coe_mart . vw_ntb_master"
Rapid LR: PL Urban,Clarification,"Dear Team, Since 18th July 3in1 cases are not coming in RLR campaigns Kindly look into this on priority if any logic changes are done in the flow. Sample cases and screenshot in trail mail. Below are the sample cases. Loan Application Number B2C000139115107 B2C000139113460 B2C000139095423 B2C000139041968 B2C000139039170 B2C000139026997 B2C000139026892 B2C000139022285 B2C000139019090 B2C000138959492 B2C000138934924 B2C000138930787 B2C000138903252 B2C000138857011 B2C000138851412 B2C000138824464 B2C000138745797 B2C000138705624 B2C000138683086 B2C000138665272 B2C000138589015 B2C000139143138 B2C000139126285 B2C000139074799 B2C000139019495 B2C000138945307 B2C000138931080 B2C000138919719 B2C000138916262 B2C000138878444 B2C000138855130 B2C000138850774 B2C000138848782 B2C000138843032 B2C000138831255 B2C000138830029 B2C000138810873 B2C000138799211 B2C000138797036 B2C000138781461 B2C000138730701 B2C000138659394 B2C000138650871 B2C000138578102 Row Labels AIRTEL DL GMB IVR email SUPERAPP valuefirst VOICEBOT WEB Grand Total 7/16/2025 34 5 2736 97 636 492 4000 7/17/2025 35 2 2735 851 922 502 5047 7/18/2025 17 1 1 825 989 482 140 2455 7/19/2025 11 2 1 842 547 1403 7/20/2025 134 134 Grand Total 97 10 2 <td align=right style=""padding-top:1px;padding-right:1px;padding-left:1px;color:black;font-size:11pt;font-family:""Aptos Narrow"", sans-serif;vertical-align:bottom;border:none;font-weight:700;vertical-align:middle;border:0.5pt soli"
Rapid LR 2.0,Data Provide,"Hi Team, As discussed, please share request and response for below Source. please share 2-3 sample LEAD_SOURCE SOURCE Lead_Type Srouce_1 Internal_Source SRC_ New Tagging WEBSITE OUTBOUND Online CISCO VB WEBSITE Web_VF_mktg OB"
Rapid LR: PL Urban,Clarification,Validate DNC data that is being sent in Rapid LR for Calling Should have been excluded from calling base Need to check whether DNC is not being applied on this
Rapid LR 2.0,Master Maintenance,Hi @Shoumik Panandikar / @Suraj Bhambure Please sync the below tables bfl_std_lake.insurance_coe.rm_master_mapping in Rapidlr Please refresh it after it refresh at ICORS. Note: I have already raised the ticket for ICORS refresh (6748899 )
Rapid LR 2.0,Master Maintenance,"Hi, Please update the master for below mentioned table at @Mounika Pokala and @Mohit Agarwal end- BFL_STD_LAKE . PL_COE_MART . RAPIDLR_CAMPAIGN_MASTER"
Rapid LR 2.0,Master Maintenance,Hi @Shoumik Panandikar / @Suraj Bhambure Please sync the below tables bfl_std_lake.insurance_coe.rm_master_mapping in Rapidlr Please refresh it after it refresh at ICORS. Note: I have already raised the ticket for ICORS refresh ( 6761307 )
Rapid LR 2.0,Clarification,"Hi, Please check why feeds are not routing in the campaign BFL_RAPIDLR_PL_T1_TB_EHM_PUNE for T1 business where Process segmentation is PLTB and response business =T1"
Rapid LR 2.0,Master Maintenance,"Hi @Mohit Agarwal @Mounika Pokala , Please update the branch master for below mentioned table. BFL_STD_LAKE.PL_COE_MART.RAPIDLR_BRNCH_CHNL_MASTER bfl_std_lake.pl_coe_mart.PLTB_MASTER bfl_std_lake.pl_coe_mart.vw_ntb_master bfl_std_lake.pl_coe_mart.vw_rapidlr_dl_event_master bfl_std_lake.plds_biz.dnd_rk_campaign_master_ntb @Meetesh Kumar"
Rapid LR 2.0,Clarification,"HI @Suraj Bhambure , As discussed in Rapid Lr logs Responsebusiness is not stamping on excluded cases, please help to stamp it so that we can create the funnel business wise excluded cases with reasons."
Rapid LR 2.0,Master Maintenance,Hi @Mounika Pokala / @Suraj Bhambure bfl_std_lake.insurance_distribution.pb_campaign_master_rlr in Rapidlr Please refresh it after it refresh at ICORS. Note: I have already raised the ticket for ICORS refresh ( 7869332 )
Rapid LR 2.0,Data Synching Issue,"Hi, Please change the default campaign as per below- Old Campaihn -BFL_RAPIDLR_PLCS_PPL_TAM_PUNE Change with this campaign - BFL_RAPIDLR_PPL_NTB_TAM_CHE"
Rapid LR 2.0,Clarification,"Dear team, Please check below screenshots of Mis logs and logs table in V5 version no campaigns are triggered, sample cases of 17 dec has been attached. bfl_lake.icors_cosmos.vw_pldigital_logs logs table mis logs"
Rapid LR: PL Urban,Master Maintenance,"Hi @Raj Singh4 , kindly refresh AA table as I update existing table."
Rapid LR: PL Urban,Master Maintenance,"Hi @Raj Singh4 , Kindly refresh table as I have updated this today."
Rapid LR 2.0,Master Maintenance,"Hi @Mohit Agarwal @Mounika Pokala , Please update the below mentioned branch master tables - BFL_STD_LAKE.PL_COE_MART.RAPIDLR_BRNCH_CHNL_MASTER bfl_std_lake.pl_coe_mart.PLTB_MASTER"
Rapid LR 2.0,Default,"Hi @Mohit Agarwal @Mounika Pokala , Please update the master's for below mentioned table. BFL_STD_LAKE.PL_COE_MART.RAPIDLR_BRNCH_CHNL_MASTER bfl_std_lake.pl_coe_mart.PLTB_MASTER"
Rapid LR 2.0,Data Synching Issue,"Hi, Please change the default campaign as per below- Old Campaign- BFL_RLR_PLP_GR_AI_BOT_HIN_Pune New Campaign- BFL_RAPIDLR_PLCSG_DUMMY_PUNE"
Rapid LR 2.0,Master Maintenance,"Hi, Please update the below mentioned master tables at @Mohit Agarwal and @Mounika Pokala end today only because we are going live as Growth_SE from tomorrow , so please update the master acordingly- BFL_STD_LAKE.PL_COE_MART.RAPIDLR_BRNCH_CHNL_MASTER bfl_std_lake.pl_coe_mart.PLTB_MASTER bfl_std_lake.pl_coe_mart.vw_ntb_master bfl_std_lake.plds_biz.dnd_rk_campaign_master_ntb"
Rapid LR 2.0,Master Maintenance,"Hi, Please update the master for below mentioned table at @Mohit Agarwal and @Mounika Pokala end- bfl_std_lake . pl_coe_mart . vw_rapidlr_dl_event_master"
Rapid LR 2.0,Master Maintenance,Please Refresh for Rural Master Sync in Cache Memory REASON: Update in branch campaign Master & Field Master bfl_std_lake . rural_coe_analytics .rural_field_allocation_master_rapidlr
Rapid LR 2.0,Master Maintenance,Hi @Mounika Pokala / @Suraj Bhambure Please sync the table bfl_std_lake.insurance_distribution.pincode_health_master in Rapidlr Please refresh it after it refresh at ICORS. Note: I have already raised the ticket for ICORS refresh ( 7772731 )
Rapid LR 2.0,Clarification,Hi Team please check 3in1 Rapid LR Callback Frame Dedupe not working. Samples - for the same mobile f52a4454-fbb6-457f-bd7c-ca1d857cc4ee c1df74b6-a771-432f-86b5-eb6be53a56d8 4d0a0367-1bc2-4e10-8ec7-931675c1eb61 not seeing duplicate lead status post 2024-1st Oct (screenshot 3rd)
Rapid LR: PL Urban,Master Maintenance Issue,"Hi @Raj Singh4 , kindly refresh AA table as I update existing table."
Rapid LR 2.0,Clarification,"Dear team , please find below sample leads where B2C already created and offer hold leads are coming in S2S RAPID LR . SAMPLE LEADS . Camp Customer id Agent Dispo CRM RAPID 8084723721 Melisa OFFER HOLD CRM RAPID 9327835718 Melisa OFFER HOLD CRM RAPID 6207477026 Melisa OFFER HOLD CRM RAPID 8607534750 Melisa OFFER HOLD CRM RAPID 9123081053 Melisa OFFER HOLD RCS CAMP 7021998361 Melisa ALREADY SALE CRM RAPID 9390676195 Melisa ALREADY SALE RCS CAMP 8196853828 Melisa ALREADY SALE SALP RAPID 8720906078 SHRUJAN ALREADY SALE SALP RAPID 9267900856 SHRUJAN ALREADY SALE SALP RAPID 9661776195 SHRUJAN ALREADY SALE SALP RAPID 6377452972 SHRUJAN ALREADY SALE SALP RAPID 7899555105 SHRUJAN ALREADY SALE SALP RAPID 6202699338 SHRUJAN ALREADY SALE SALP RAPID 6352782986 SHRUJAN ALREADY SALE SALP RAPID 8459107424 SHRUJAN ALREADY SALE"
Rapid LR 2.0,Clarification,PFA BLSE journey convert leads for November month that were not received in the Rapid LR table. Please check and share the reasons why these leads were not sent to the Rapid LR Sample Mobile Numbers - Mobile 46F3E342DFC164C682088F6CB2A58047650FB356A4FC5A5198A22AB56DC6992B 9B7734843127D03CE4CAC549E4F2099F86544AC71CC3294C7FF220328D17CFD2 4FC0F10DBDC96EF46380F3D81433AFC4EE1D762EBA67DC6B2A44D48A0E4395BB B787BE0EC6E8640660ACD63598D8DDFC4A28E98802AF72E6DE12687D7CB627E6 E8BFCFE0915491EC0620BBFF5BB6538076562CBFC29B4FB1B783971629953EE1
Rapid LR 2.0,Master Maintenance,"Hi, Please update the master table at @Mohit Agarwal and @Mounika Pokala end- bfl_std_lake.pl_coe_mart.vw_rapidlr_dl_event_master"
Rapid LR 2.0 Wheels,Clarification,"Hi Team, As discussed over call please check attached leads are rejected due to ""pincode not servicable"" but pincode is available in masters."
Rapid LR 2.0,Master Maintenance,"Hi @Mohit Agarwal @Mounika Pokala , Please update the master's for below mentioned table. BFL_STD_LAKE.PL_COE_MART.RAPIDLR_BRNCH_CHNL_MASTER bfl_std_lake.pl_coe_mart.PLTB_MASTER"
Rapid LR 2.0,Clarification,"Hi @Suraj Bhambure , Please check the below sample cases where rejected loan application status cases are flowing into Rapid LR for the PPL business. B2C ID Hash Number Mobile Number B2C000173443364 E06EE49D6EBF8E09359FF1B2ACC44E58200D69CBBF97474A64DE9ED9CF1DA134 9967080801 B2C000172020405 C99FBB7F18C9003C98D311D025650D119BCC6FE5AFCEEFD35625B32BBA9513CC 7499113123 B2C000171766284 E4EEC8AF1D7B533B09ADBCF05B2E986B0006E3E686DA2C0BF3621A2F117BBDD7 9371797777 B2C000172131375 CE9FA8345C29FCD94EA02321D9B13CF8B8CC06694D5155858D7BC597770968B7 9960951077 B2C000173169620 5961C7A38A36D69776FD70941BF9FE6B15EE5868C75E16FFFA4C515DBFA85B5A 8105315885 B2C000173481801 C7B89B0AA0433A07F24F6E6096C44D0F403FFDDFF37432BB1C477BAF23A959C2 8857993009 B2C000173225848 6AC643CC04520518854409820BAA05766462F6FDDE26E670156AEC5E818CCC16 9533247092 B2C000172880797 2459EF2A25826A32B30B9B4689F2E8AE92C9237993A32EBE130EE3F747C5B072 9325227944 B2C000173134690 A510717CE46784381C56113FC3B295556652B727949ED67A0B7AC2DD0CC7A917 9637645496 B2C000173307182 A5339BF2E78F1FD54EC9108BF9679B5C05840DBF4458779CED05025AD6EA7902 9594587284 B2C000173363891 4B265E1E90FDABE8BEA949CB95AC0CD30A79D4B8B2000FE95E5B7F0D8636E46A 8177916637 B2C000172857032 E4280235664A7E3BA862A39B41237AE49CAEA9894F7ACF047183AA72658801FC 9819460213 B2C000173344537 F0F7828771AB29CB7CD715EEDF7963E6E5BBBD5CAEB26E59F7169491045AC2BA 9740510732 B2C000173360449 45CF5310C3D1FA4FC968405126E3C1D91E4A72886C25E6337F717F2314CEE6EF 7887771586 B2C ID Campaign Name B2C000173307182 RAPIDLR_PPL_NTB_HIN_PUNE_CG B2C000173225848 3in1_PPL_EHM_PUNE_CG B2C000173134690 RAPIDLR_PPL_NTB_HIN_PUNE_CG B2C000172880797 RAPIDLR_PPL_NTB_HIN_PUNE_CG B2C000172857032 RAPIDLR_PPL_NTB_HIN_PUNE_CG B2C000173363891 3in1_PPL_EHM_PUNE_CG B2C000173360449 RAPIDLR_PPL_NTB_HIN_PUNE_CG B2C000173443364 RAPIDLR_PPL_NTB_HIN_PUNE_CG B2C000173344537 BFL_RAPIDLR_PPL_NTB_KAN_PUNE B2C000173169620 BFL_RAPIDLR_PPL_NTB_KAN_PUNE B2C000172020405 OMPL_ROM_NTB_PUNE_CG B2C000171766284 RAPIDLR_PPL_NTB_HIN_PUNE_CG B2C000172131375 OMPL_ROM_NTB_PUNE_CG B2C000173481801 OMPL_ROM_NTB_PUNE_CG B2C000173290677 OMPL_ROM_NTB_PUNE_CG Adding @Meetesh Kumar"
Rapid LR 2.0,Master Maintenance,"Hi @Mohit Agarwal @Mounika Pokala , Please update the branch master for below mentioned table. bfl_std_lake.pl_coe_mart.vw_rapidlr_dl_event_master"
PL at POS,Source System Issue,The data flow stopped for Sunday 28th Dec
Rapid LR: PL Urban,Clarification,"Kindly check the below CONVAI BOT events are not pushed to the RAPID LR table, resulting in the business team being unable to contact these customers. Request you to please identify the root cause and resolve the issue on priority. Event Name SAL_PreApproved_B2C_CONVERT_CONVAIBOT SAL_PreApproved_B2C_OFFER_VIEW_CONVAIBOT SAL_PreApproved_B2C_EMPLOYMENT_CONVAIBOT SAL_PreApproved_B2C_PERSONAL_CONVAIBOT"
Rapid LR 2.0,IT Requests,"Hi , Please help to update link in below Drop off communication . Please refer New link column to update the links Campaign Name Campaign ID Old Link New Link PTB_Insta_Dropoff 63258282 https://www.bajajfinserv.in/webform/emicard/login?utm_source=PMG&utm_medium=SMS&utm_campaign=PMG_SMS_RT_UN https://www.bajajfinserv.in/blu/?jid=iemi&utm_Template=generic&utm_source=PMG&utm_medium=WA_SMS_CB&utm_campaign=PMG_SMS_RT_UN NTB_Insta_Dropoff 63274382 https://www.bajajfinserv.in/webform/emicard/login?utm_source=PMG&utm_medium=SMS&utm_campaign=PMG_SMS_RT_PN https://www.bajajfinserv.in/blu/?jid=iemi&utm_Template=generic&utm_source=PMG&utm_medium=WA_SMS_CB&utm_campaign=PMG_SMS_RT_PN ETB_Insta_Dropoff 63276182 https://www.bajajfinserv.in/webform/emicard/login?utm_source=PMG&utm_medium=SMS&utm_campaign=PMG_SMS_RT_VC https://www.bajajfinserv.in/blu/?jid=iemi&utm_Template=generic&utm_source=PMG&utm_medium=WA_SMS_CB&utm_campaign=PMG_SMS_RT_VC KYC_Drop_Off_12thJuly 72231982 https://www.bajajfinserv.in/webform/emicard/login?utm_source=PMG&utm_medium=SMS&utm_campaign=PMG_SMS_RT_KN https://www.bajajfinserv.in/blu/?jid=iemi&utm_Template=kyc&utm_source=PMG&utm_medium=WA_SMS_CB&utm_campaign=PMG_SMS_RT_KN"
Rapid LR 2.0,Master Maintenance,"Hi @Mohit Agarwal @Mounika Pokala , Please update the event master for below mentioned table. bfl_std_lake.pl_coe_mart.vw_rapidlr_dl_event_master"
Rapid LR 2.0,Master Maintenance,Hi @Mounika Pokala / @Suraj Bhambure Please sync the table bfl_std_lake.insurance_distribution.pincode_health_master in Rapidlr Please refresh it after it refresh at ICORS. Note: I have already raised the ticket for ICORS refresh ( 7869396 )
Rapid LR 2.0,Master Maintenance,"Hi @Mounika Pokala @Mohit Agarwal , Please update the branch master for below mentioned table. BFL_STD_LAKE.PL_COE_MART.RAPIDLR_BRNCH_CHNL_MASTER"
Rapid LR 2.0,Clarification,"Hi Team, As we checked these number data in Lead lounge as well, there is no entry in LL as well in Jan Month. Please check if is there any issue from Airtel end. Please find the below mentioned query. Please find below sample cases for your reference: MOBILE__C 18A12CD9B39647425DA4CABA4B91C4DF2BF43ABDE092618B999DE1A7BD838FE3 CAA507DE1EED5DCCEDCFC63C0AE57B0F23D47A09B2027D54908060491F31EB1F E551ECBC7B59BA47E24DF5C1B6EF6656E0AE77A79BECA3BDC6981D1D8F4CE9E7 BABF3302F220EFD5963633DDB10827E4EB699FEA745B2570FB7BB1EB93D6C223 4FC46BC2202A5FED0C2C1FEEDEFDD94BB745B2ADED7523507BE3729DD8426311 B0E60C47B9B6EBD42645CA4497213AF6B5ABD7CD5699C08D513A1CD024087E54 B7F59E399A5114F0AFAB00689BBAB0BD0EA13D018996D06451C07690E113F383 1F04FBDBED256DE01D41C8FB7D3D1E821B333C2568131C11A6F25CD90F4AA6F2"
Rapid LR: PL Urban,Clarification,"Kindly find below the sample CONVAI bot responses that were not pushed to the RAPID LR table, resulting in the business team being unable to contact these customers. Request you to please identify the root cause and resolve the issue on priority. CREATEDDATE EVENT_CODE__C PROFILE_PHONE 02-Dec-25 B2C_OFFER_VIEW F50188A08DC78F7F23CFED7F70D357D5139D6C6593F6A9DAB72A090F2B65E1AC 06-Dec-25 B2C_OFFER_VIEW ED7A8808B95EE222F4E0522B6EA5519185DA9B15EE785485D0AEF7306027428F 04-Dec-25 B2C_OFFER_VIEW 1C4A6437997B0F8025D455A0F2CA1CEA261A9237EA043881C1FED1AF23AC6C3C 12-Dec-25 B2C_OFFER_VIEW 683BDB0623E68E11004ED4ADD48429CF449F8F01971D41FD21E818F8B6B28945 12-Dec-25 B2C_OFFER_VIEW 1A376B0709A8ED405AC4C78448C99C7CD182CD03EFAEA4311346B5BEE24AB861 03-Dec-25 B2C_OFFER_VIEW 2E50FBEB8BD5F888D63ECC422B12766A98C910571E914527947577FD49D937BC 09-Dec-25 B2C_OFFER_VIEW B84A67D8EFE0D3975289E6016C8FE52DA107C64D5FAEB55428B1227C5C46B2A1 09-Dec-25 B2C_OFFER_VIEW A855010DFB20DC0FB2F69E7F5AF8CAC7E495D88708502B2611B7CABE7378511A 09-Dec-25 B2C_OFFER_VIEW 8CEF2E688593E41767F3D638AF604E4CAAAB010982AF934F4C85EAC2E4F354CD 09-Dec-25 B2C_OFFER_VIEW 0A8B72D66F1A3FC22DAFAA6F9AFAB8C977A5E62008798C4E9068E7B3FB63F5F5 09-Dec-25 B2C_OFFER_VIEW D825E77A598989F12721EB6F0A84ABB172A5EE87F6895CA3D443133A1A761AA4 09-Dec-25 B2C_OFFER_VIEW 210225AAFF6A2D1D6CBE95DB6F759857C1A80B5FF6F29376A394A8149C5F482C 09-Dec-25 B2C_OFFER_VIEW 4751ECF5AF1F885819D76AB582FD7C829F4FF2ADDE4B1980EE99D63A4C2325E8 12-Dec-25 B2C_OFFER_VIEW 9B0C4E96F0FA844AD524FEDB2ED7379F3C7E8E8B28A86016F21225B6DD051E60 09-Dec-25 B2C_OFFER_VIEW 0A1898FEE54D203165FA7B071345F1C25F59E54E3B305EBFEB8C92083489D222 09-Dec-25 B2C_OFFER_VIEW 0336CE6BD8E025C22D333F9FFD5533C6DCCA08E802C5498973EEECE370AD81E0 09-Dec-25 B2C_OFFER_VIEW B5931E36D5ED403C74463065948FC813A65ADD87367ABE5D7DABFE3FD9EBBB8A 10-Dec-25 B2C_OFFER_VIEW 53B26D14FAA565F20F3FBA62B0E467F9B2C3F7C6512EEB9A2CA21DC0451BD2CD 10-Dec-25 B2C_OFFER_VIEW FC922815EEB54FC47BBFC23E1C5037880225F65BD7B2215F38FA36317929362F 10-Dec-25 B2C_OFFER_VIEW F93EDBBF82BFF12EBFAD6E57010FD1673BA1CEA8142B4AACBE6AB16A9AF2E5A6 06-Dec-25 B2C_OFFER_VIEW 9D847A74E46D8E68AAE874979326A6D770881D3DC11F3941B6F3AB61A5AFB184 10-Dec-25 B2C_OFFER_VIEW AFE44029AA4602865E5F57901648B4799168C279DC1B37BF91DB2C90E8D1626D 10-Dec-25 B2C_OFFER_VIEW 71AA69B8AE10E7B9DA19CD24F4AFD96853D2845CF6F91283E1D1A4EFDA5BFB3B 10-Dec-25 B2C_OFFER_VIEW A9D92B6D56D221971E37ABA038D1200C006CF113B72B6A0E7333439555773B2F 10-Dec-25 B2C_OFFER_VIEW 3737F545213A918D64069E98A28380284BB928EB3F12B360BA9648E3EFE372AB 10-Dec-25 B2C_OFFER_VIEW 9C891F2D9C16DFC80A9AFAB05E594A7188EBAF8F5E480E363E3D07F3CC36490F 01-Dec-25 B2C_OFFER_VIEW 5F5E5A2E6468EB3B3C41481E40E02E0F6F6882D61DB1F20A16D01F30D68ED192"
Rapid LR 2.0,Source System Issue,"Hi @Mohit Agarwal @Mohit Agarwal , Please check the below source. Since yesterday, no missed call feeds are flowing into Rapid LR. Source Name: bflslmscl2"
Rapid LR: PL Urban,Master Maintenance,"Hi @Raj Singh4 , Kindly refresh table as I have updated this today."
Rapid LR: PL Urban,Master Maintenance,"Hi @Raj Singh4 , Kindly refresh table as I have updated this today."
Rapid LR 2.0,Change Request,"Hi, Please find customer UIDs for 18-12-25, kindly check why campaign names are blank for V4 and V5 version. 1715b815-e44d-4654-979d-61d60be72ae0 8bd16324-9115-4e6b-89e5-6268a3b97f0c 92c17cd6-ebe8-451e-b2e0-96b3546b8a11 b434ead7-7598-481e-b217-c23dffb8aa4f 3b16d553-9b35-4138-82fe-7423d09ee68b 74804191-6630-4090-98ea-de99768c79fb 985b240a-2dac-469d-a19d-5d5f5a920ab7 bb156f46-04cd-486b-997f-73ca66111d20 f273bd2b-dfb3-43a5-a762-717d3acc48bf 9e594e82-e360-44d4-8df7-6807a5945798 89a13ae3-6f59-4f30-9405-a046028c3680 cde99b79-183c-48bc-85c6-b21ec1ee0565 1715b815-e44d-4654-979d-61d60be72ae0 8bd16324-9115-4e6b-89e5-6268a3b97f0c 92c17cd6-ebe8-451e-b2e0-96b3546b8a11 b434ead7-7598-481e-b217-c23dffb8aa4f 3b16d553-9b35-4138-82fe-7423d09ee68b 74804191-6630-4090-98ea-de99768c79fb 985b240a-2dac-469d-a19d-5d5f5a920ab7 bb156f46-04cd-486b-997f-73ca66111d20 f273bd2b-dfb3-43a5-a762-717d3acc48bf 9e594e82-e360-44d4-8df7-6807a5945798 89a13ae3-6f59-4f30-9405-a046028c3680 cde99b79-183c-48bc-85c6-b21ec1ee0565"
Rapid LR: PL Urban,Clarification,"Hi @Raj Singh4 , Kindly refresh table as I have updated this today."
Rapid LR: RPL Urban,Clarification,Hi Certain cases in vw_mainleadlounge_pl table in not visible in Rapid LR logs vw_rapidlr_pl wihtout any master exclusion criteria. Sample Main LL Log ID not in Rapid LR: f78a9346-3997-6bdb-c6fe-60fe8dfecb5d-2c892c53-ef3a-b712-bd88-ed7392ca0074
Rapid LR 2.0,Clarification,"Hi @Suraj Bhambure , Please find below sample cases, the UCM click feeds are not flowing to dedicated Rapid LR campaigns. MOBILENO 073D9391D88F825A509362DBD8D37E471387D3578A63ABC15F6EF94685E555B3 CCDCE8EE26ECCB8951CC9CEC1185CB60D4A4D96F07023A55BE2247E9BCB2D82A 8BA4AD7024AA84BEB36D2D123C62EF7AD4A983839C59CA3A05649FCA8DF0BB76 F831F239415816DAC6146F760A617B4A0C5B6F6387E6C325C3C652769E1CE893 2DD29FEDDED43E3C764FAA4C43B9EDA634F627E0E3BA5A0B3F8937374A7352CB 970F54114356FCFA41C881E3FEC45C9CF6854EC48F44F6E9580BE774B1345B61"
Rapid LR 2.0,Clarification,"Hi @Suraj Bhambure , Please find below sample cases wherein UCM clicks are being incorrectly getting allocated to PLTB business. mobile internalSource responseBusiness E740BEBD93B476485D64F3D9ACF400E5A83E5CDAB8B584416C86095BD30A16FA UCL_PL_Other PLTB 0CCB245937468DD84067D99F6AAE5A55E0A64DCEA55B687166F4203A07FB6BC2 UCL_PL_Other PLTB EBA3D039CDCB82D75ED63023F851515C9D14A1ED954C58964AB53B41B0E93E28 UCL_PL_Other PLTB 242B7DBC76299F06B6E52701764B1C1ED9B83571DE070241F36F95EF43ECF262 UCL_PL_Other PLTB 1EFC91F720BF99CEE12543C6612889DCBEEA1B66815ADF1EA2F8CB62AFDF4CDE UCL_PL_Other PLTB 2A8A7540583ABACB882517E868C3C04B048255EDF4DD54499CF47F7C4E74E133 UCL_PL_Other PLTB 471328BB590A28DA20E745C17FD88E95618A56624A3B6CF40ACD805D369497B8 UCL_PL_Other PLTB D2B87BE93B9C48158FE2840C79AB8F929D1813A06A22CE7260EDA38A3B8C2E50 UCL_PL_Other PLTB 0517432764558BE927B66ED6439E7F04EDB2C13F1BD2510E915AE79C0392A539 UCL_PL_Other PLTB ECE5AB49B7967295744C0419987CDCD468472E0D7E966B70F087192A0C8F529D UCL_PL_Other PLTB DA2BCD2F743B9A833EDAEE65FCB47BA9082308E6FD81C611D2B1DEBE7B91395B UCL_PL_Other PLTB 018B14441CE0E57763B1A7C1CA129BD5A90F5E851014D330EEE6F55E6C7B69C7 UCL_PL_Other PLTB 7F489A3C654DE747D68721D983F23EA8F99A00FFA5B1A0D73D670E55FF4F8AD9 UCL_PL_Other PLTB 11626CF6CD505BDA7F921400255323A039DA83F4C97090A9DD0F16EA3EEA388E UCL_PL_Other PLTB 038CDF5D71403B9DEF27975EC57D50AB32FE4BB92B53F66DFD83ABE06EEE6AB0 UCL_PL_Other PLTB 6A756D26854379B49088E91A6EAA6867A219104FF7B795BA93FF70AD1564F5C2 UCL_PL_Other PLTB 854BB60D21ADC7C3B193F2AB65649E0CB92A35AEDBAF0B4A5B9FE8554AA14D2E UCL_PL_Other PLTB 25BD287895960B45F9E5905AD32B136C0C5A2ACF538F3CC4DCFA05343457243D UCL_PL_Other PLTB D6644EC03205396A48627C7FF2F703808C76D9177C9CDD0AB60E429A72541F36 UCL_PL_Other PLTB"
Rapid LR 2.0,Clarification,"Hi @Suraj Bhambure , Please check the campaign mentioned below. The business wants to route feeds (internal source = RCS) to this campaign. BFL_S2SCRM_SALPL_RAPIDLR_COG_MANG The Lead ID master has already been updated. Adding @Meetesh Kumar"
Rapid LR 2.0,Master Maintenance,"Hi @Mohit Agarwal @Mounika Pokala , Please update the branch master for below mentioned table. BFL_STD_LAKE.PL_COE_MART.RAPIDLR_BRNCH_CHNL_MASTER Adding @Meetesh Kumar"
Rapid LR 2.0,Master Maintenance,"Subject: NTB Enabling based on Event Names via NTB Event MASTER Enable current existing NTB flow for:- Source/Internalsoure - SUPERAPP , WEB Product - RSL Event Name - RSL_NTB_CONVERT_PERSONAL_DETAILS RSL_NTB_EMPLOYMENT_DETAILS RSL_NTB_INCOME_DETAILS RSL_NTB_OFFICE_DETAILS RSL_NTB_REVISED_OFFER RSL_NTB_LOANSUMMARY_DETAILS RSL_NTB_KYC_DETAILS RSL_NTB_BANK_DETAILS RSL_NTB_IMPS_TRIGGERED RSL_NTB_IMPS_FAILED RSL_NTB_SUBMIT_TO_SALES RSL_NTB_THANKYOU_PAGE"
Rapid LR 2.0,Master Maintenance,"Hi, @Mohit Agarwal , @Mounika Pokala Please check below mentioned table and update the lead ID master for SPL. BFL_STD_LAKE.PL_COE_MART.LEAD_ID_MASTER_SPL Adding @Meetesh Kumar"
Rapid LR: PL Urban,Change Request,"Dear team , please add below UTM Medium in S2S RAPID LR . utmMedium-CCOE_SMS for all product. campaign name - BFL_S2SCRM_RAPIDLR_COG_MANG"
Rapid LR 2.0,Clarification,"Hi @Suraj Bhambure , Please check why feeds are excluding for source = UCL as Default campaign not found and Offer disposition WIP. Kindly check what is the issue. attaching file for your reference."
Rapid LR 2.0,Clarification,Please Refresh for Rural Master Sync in Cache Memory REASON: Update in branch campaign Master & FIeld Allocation Master bfl_std_lake . rtl_cc .rpl_rapidlr_branch_campaign_master
Rapid LR 2.0,Clarification,"Hi @Suraj Bhambure , Please check why PL, RPL and RSL feeds flowing in below mentioned SPL ONDC campaign. dialerCampaign BFL_RAPIDLR_ONDC_SAL_PRIME_PUNE BFL_RAPIDLR_SALPLG_ONDC_PUNE attaching file for your refrance."
Rapid LR: PL Urban,Clarification,".Hi Team, Please Add below UTM Medium All Data in BFL_S2SCRM_RAPIDLR_COG_MANG campaign. Now most of the data not pushed in campaign Sample data attached which was not pushed in campaign UTM Medum: CCOE_SMS CommCOE S2S_CCOE S2S_Service_Outbound sms Campaign Name: BFL_S2SCRM_RAPIDLR_COG_MANG"
Rapid LR 2.0,Master Maintenance,"Subject: NTB Enabling based on Event Names via NTB Event MASTER Enable current existing NTB flow for:- Source/Internalsoure - SUPERAPP , WEB Product - RPPL Event Name - RPPL_NTB_CIBIL_PASS"
Rapid LR 2.0,Clarification,"Hi @Suraj Bhambure , Please update the event names in NTB event master for PPL business where source= VOICEBOT."
Rapid LR 2.0,Clarification,"dear team , please check why S2S Rapid lr data is going blank and other campaign sharing sample data for your reference"
Rapid LR 2.0,Clarification,"HI @Suraj Bhambure , As discussed please check why the feeds are excluding for source = VOICEBOT , because PPL business works on NTB feeds as well then feeds can not be exclude as Offer not found. Attaching data for your refrace."
Rapid LR 2.0,Master Maintenance,@Mounika Pokala Please sync the table bfl_std_lake.insurance_distribution.pincode_health_master in Rapidlr There is an additional column. Please refresh it after it refresh at ICORS. Note: I have already raised the ticket for ICORS refresh ( 7566138 )
Rapid LR 2.0,Master Maintenance,"Hi @Mohit Agarwal @Mounika Pokala , Please update the branch master for below mentioned table. BFL_STD_LAKE.PL_COE_MART.BRANCH_MASTER_SPL Adding @Meetesh Kumar"
Rapid LR 2.0,Clarification,"Hi @Suraj Bhambure @Mounika Pokala , Please check from your end, the campaign mentioned below, not a single feed has flowed into the campaign today for PPL. Campaign Name - BFL_RAPIDLR_PPL_HIN1_BARE Date Count 01-10-2025 519 02-10-2025 305 03-10-2025 277 04-10-2025 704 05-10-2025 458 06-10-2025 419 07-10-2025 859 08-10-2025 404 09-10-2025 0"
Rapid LR 2.0,Clarification,"Hi, Please check the below mentiond source this source is belongs to PPL business but feeds are allocting to other PLCS business. Kindly check where is teh gap. source= BAJAJFNSVMCL attaching data for your reference."
Rapid LR 2.0,Master Maintenance,Hi @Mounika Pokala / @Suraj Bhambure Please sync the table bfl_std_lake.insurance_distribution.pincode_health_master bfl_std_lake.insurance_distribution.pb_campaign_master_rlr in Rapidlr Please refresh it after it refresh at ICORS. Note: I have already raised the ticket for ICORS refresh ( 7489192 )
Rapid LR 2.0,Clarification,"Hi @Suraj Bhambure @Mounika Pokala , Please check the below data and confirm the logic for exclusion of leads from RAPID LR to dialer campaign due to 'Default Campaign Not Found' and 'offerDisposition WIP' reason. Not Eligible 2205 2228 4433 52% Age 14 43 57 1% Calling Restricted As Per Governance 102 31 133 3% Default Campaign Not Found 604 611 1215 27% DNC Customer 3 3 6 0% Duplicate Event 116 238 354 8% MCP Check failed - Master; 4 11 15 0% Offer Disposition WIP 6 9 15 0% Offer Not Found 1138 889 2027 46% offerDisposition WIP 195 374 569 13% OfferExt Not Found 1 0 1 0% ResponseBusiness Not Set 22 19 41 1%"
Rapid LR 2.0,Master Maintenance,"Hi @Mohit Agarwal @Mounika Pokala , Please update the branch master for below mentioned table. bfl_std_lake.pl_coe_mart.vw_ntb_master bfl_std_lake.plds_biz.dnd_rk_campaign_master_ntb @Meetesh Kumar"
PL at POS,Change Request,"Since 20th sept, the Clevertap Processors failures have increased . Pls check for RCA & Resolve. CTA-CLEVERTAP CTService-ProcessEventHandler 27"
Rapid LR 2.0,Master Maintenance,Please Refresh for Rural Master Sync in Cache Memory REASON: Update in branch campaign Master & FIeld Allocation Master bfl_std_lake . rtl_cc .rpl_rapidlr_branch_campaign_master + bfl_std_lake . rural_coe_analytics .rural_field_allocation_master_rapidlr
Rapid LR 2.0,Master Maintenance,Please Refresh for Rural Master Sync in Cache Memory REASON: Update in branch campaign Master & FIeld Allocation Master bfl_std_lake.rural_coe_analytics.rsl_pre_mcp_check_master
Rapid LR 2.0,Master Maintenance,"HI, Please update the master @Mohit Agarwal And @Mounika Pokala end for below mentioned tables- BFL_STD_LAKE . PL_COE_MART . RAPIDLR_BRNCH_CHNL_MASTER bfl_std_lake . pl_coe_mart . vw_ntb_master"
Rapid LR 2.0,Master Maintenance,"Hi @Suraj Bhambure , Lead lounge master has been updated for below Webhooks from our end. (Digital Platforms - PMG) Please refresh the same from your end. EVENTNAME WEBHOOK STANDALONE_ELIGIBILITY_CLICKED_HL_APP 1754310013 STANDALONE_ELIGIBILITY_CLICKED_LAP_APP 1754123542 HL_HOMEPAGE_CLICKED_HLBT_APP 1754280020 HL_HOMEPAGE_CLICKED_HL_APP 1754280257 CPR_APPLICATION_CLICKED_HL_APP 1754048073 CPR_APPLICATION_CLICKED_HL_WEB 1754048521 CPR_APPLICATION_CLICKED_LAP_APP 1754048832 CPR_APPLICATION_CLICKED_LAP_WEB 1754049247"
Rapid LR 2.0,Master Maintenance,"Hi @Mohit Agarwal @Mounika Pokala , Please update the branch master for below mentioned table. BFL_STD_LAKE.PL_COE_MART.BRANCH_MASTER_SPL @Meetesh Kumar"
Rapid LR 2.0,Clarification,013da621-2a4d-4271-a854-3f36e6743c4d c0eca931-0de8-4bed-9c0e-99a400b74b13 f9b57df3-e8d6-43a4-b767-f890ce195fee 56ac030b-8734-40ea-a7e1-bc7f2e3aaeeb 8dab0b1a-66a7-4399-875c-64bbfe97ee3c 9e81fa79-ec1c-4bfe-af62-c8e6d37dd5b3 80938000-5620-4f90-bef6-9f6ccd5b8cfb StatusReason: Offer Not Found but Identifier stamped as RPL please check
Rapid LR 2.0,Clarification,"Hi @Suraj Bhambure , Please check the below table and update the NTB master bfl_std_lake.plds_biz.dnd_rk_campaign_master_ntb @Meetesh Kumar"
Rapid LR 2.0,Master Maintenance,"Hi @Mohit Agarwal @Mounika Pokala , Please update the branch master for below mentioned table. BFL_STD_LAKE.PL_COE_MART.BRANCH_MASTER_SPL @Meetesh Kumar"
Rapid LR 2.0,Master Maintenance,Hi @Mohit Agarwal @Mounika Pokala Please update the Lead id master for PL and SALPL BFL_STD_LAKE.PL_COE_MART.RAPIDLR_LEAD_IDENTIFY_CHANNEL_MASTER BFL_STD_LAKE.PL_COE_MART.LEAD_ID_MASTER_SPL @Meetesh Kumar
Rapid LR 2.0,Master Maintenance,"Hi @Mohit Agarwal @Mounika Pokala , Please update the branch master for below mentioned table. BFL_STD_LAKE.PL_COE_MART.RAPIDLR_BRNCH_CHNL_MASTER bfl_std_lake.pl_coe_mart.vw_ntb_master bfl_std_lake.plds_biz.dnd_rk_campaign_master_ntb @Meetesh Kumar"
Rapid LR 2.0,Clarification,"Hi @Suraj Bhambure , As per business these customers salary is below 50K and As per master only eligible feeds should be greater than and equals to 50K. Please check why these feeds are allocating to SPL business. logId correlationId mobile HH source internalSource status statusReason processorStartTime processorEndTime leadLoungeId platform subProduct eventName eventDescription cta hotnessPriority customerId prospectId identifier utmSource utmMedium utmCampaign responseBusiness processType priority pincode city state sourcingBranchId isGST loanAmount employmentType channelType channelBusiness channelLeadType leadTypeFlag interestType channel flag telecallingTeam prefLanguage enquirySource coolingPeriodInDays flagETBNTB paddedMobile offerEntryId offerStatusId offerId offerExtId dialerName dialerCampaign dialerSyncStatus smsCampaign smsSyncStatus loanApiStatus custDemogAPIStatus plcsAPIResponse statusHstUpdate smsResponse smsAPIStartTime smsAPIEndTime dialerStatus dialerStartTime dialerEndTime eb55feb6-5d71-4738-99f1-5b4bee9cfc22 e103e5aa-b645-8aa2-7c89-3afa558352c5-24bd472d-c0ca-c0b4-7354-d20f84b137ac 9CBDF237CE20D74B97D1056954D3C7CFFD85AC701E37A3BED26688C1C778B7D5 9CBDF237CE20D74B97D1056954D3C7CFFD85AC701E37A3BED26688C1C778B7D5 SUPERAPP SUPERAPP Eligible Eligible 2025-09-20 12:50:07.595000 2025-09-20 12:50:07.804000 APP SPL SALPL_OFFER_E-MANDATE JOURNEY_CLICK SUPERAPP H4 SPL SALPL Prime P1 560047 BANGALORE Salaried DIGITAL HOT H4 EXPLICIT 3IN1 APP ETB EE2CA296F79A038FB483B3E774A36D3B19FCCFF6024B74213D0E448BD86F27B0 39C095971904EA187F4CD3F6BA9641E0C14EA00EEF551FCA0F1C1BC71EC93F5C 39C095971904EA187F4CD3F6BA9641E0C14EA00EEF551FCA0F1C1BC71EC93F5C SPL48AA19CF-FDD6-4C94-A7FA-A6324726BC8C_95 plOne-SPL48AA19CF-FDD6-4C94-A7FA-A6324726BC8C_95 CISCO_2 BFL_RAPIDLR_SAL_PRIME_ETB_PUNE S <td style=""padding-top:1px;padding-right:1px;padding-left:1px;color:black;font-size:11pt;font-family:""Aptos Narrow"", sans-serif;vertical-align:bottom;border:no"
Rapid LR 2.0,Clarification,"Hi @Suraj Bhambure , Please remove the default campaign handling as event wise routing for PLTB business. Because all language feeds are going in one campaign only. Kindly do these changes ASAP. User story Reference- User Story 6795724 : Event-Based Feed Assignment for PLTB Business"
Rapid LR 2.0,Master Maintenance,Hi @Mohit Agarwal @Mounika Pokala Please update the Lead id master for PL and SALPL BFL_STD_LAKE.PL_COE_MART.RAPIDLR_LEAD_IDENTIFY_CHANNEL_MASTER BFL_STD_LAKE.PL_COE_MART.LEAD_ID_MASTER_SPL @Meetesh Kumar
Rapid LR 2.0,Master Maintenance,@Mounika Pokala Please sync the table bfl_std_lake.insurance_distribution.pincode_health_master in Rapidlr Please refresh it after it refresh at ICORS. Note: I have already raised the ticket for ICORS refresh ( 7311578 )
PL at POS,Change Request,Geeting 10-15k daily failures in the SFDC ingestion. Kindly check with Biz and change the master data synch to reduce the errors processorName exceptionType count SfdcSyncProcessor SfdcSyncProcessor-SFDCIngestionError 7355
Rapid LR 2.0,Master Maintenance,"Hi @Suraj Bhambure , Please check why the 'No Valid CTA' feeds are being stamped. Sample numbers are given below, and the file is also attached for reference. logId correlationId mobile source internalSource status statusReason processorStartTime processorEndTime 3bfe4266-0208-4b88-b91d-7fd80a8b67b7 a1f8f8d0-3e05-1c52-97e5-2f824c08601a-c48f77a1-99a0-4b4b-9aa2-cf5349d8ea7d EA0367BC38FD6B57E74D78453BCEDD4AC83794BC71A1C4A92B4714AD6A4307DA bflt34inf valuefirst Excluded No Valid CTA 2025-09-04 10:57:16.934000 2025-09-04 10:57:17.071000 5a3de976-35f6-452f-9552-0727786bd207 ffebc6cf-54c8-b4fd-013a-fd34125bccf6-febea317-3a7e-f7c7-ea95-cdc0b3e86d75 380C86C3DDD2D7CC7C57B8D899540985D3A64AAEB059EE19602C2732FE897108 bflt34inf valuefirst Excluded No Valid CTA 2025-09-03 13:44:48.844000 2025-09-03 13:44:49.001000 9c5c6906-554a-4d14-8456-7d0802a042bf 3fffaee9-0eaf-5aa3-bb1e-370516ad3a64-93833556-34af-ccfd-d7f6-51fdc5346c18 17AF82090DDC1A5011C489A60CE0832297507E28EAAFFDC2D9E0F5786D31DEB7 bflt34inf valuefirst Excluded No Valid CTA 2025-09-03 14:43:17.722000 2025-09-03 14:43:17.863000 be551018-b947-4583-8cfc-16d2acc5650b bfa0d97a-783a-ec24-39a3-487031bba60d-746c74a0-4af4-7da0-4228-b38af739dadd 8F17B5152AD009E8B66DB877C03574C76CC036B9401560B878D693648FF32CC8 bflt34inf valuefirst Excluded No Valid CTA 2025-09-04 10:49:40.891000 2025-09-04 10:49:41.035000 eba4263b-8be7-4eb3-8433-caa19429c449 c3134ef0-8253-68e6-d0ff-99ccf4b5d52f-dce8a2ad-1a99-f1b1-b261-65754f0389b9 A333FB1A2C97864D26A0EE9E8E63B23F821B7F0ED7D79C05999C04D87201A9D5 bflt34inf valuefirst Excluded No Valid CTA 2025-09-03 16:32:38.216000 2025-09-03 16:32:38.356000 @Meetesh Kumar"
PL at POS,Change Request,"Since 24th sept, the SMS Processors failures have increased . Pls check for RCA & Resolve. SMS-INTEGRATION SMSIntegration-ProcessEventHandler-1"
Rapid LR 2.0,Master Maintenance,Please Refresh for Rural Master Sync in Cache Memory REASON: Update in branch campaign Master bfl_std_lake.rural_coe_analytics.rsl_pre_mcp_check_master
Rapid LR 2.0,Master Maintenance,"Hi, Please update the master @Mohit Agarwal and @Mounika Pokala end for below mentioned tables- BFL_STD_LAKE . PL_COE_MART .RAPIDLR_BRNCH_CHNL_MASTER BFL_STD_LAKE . PL_COE_MART .BRANCH_MASTER_SPL"
Rapid LR 2.0,Master Maintenance,"Hi, Please update the below mentioned master tables @Mohit Agarwal and @Mounika Pokala end- BFL_STD_LAKE . PL_COE_MART . RAPIDLR_BRNCH_CHNL_MASTER bfl_std_lake . pl_coe_mart . PLTB_MASTER"
Rapid LR 2.0,Master Maintenance,"Hi @Mohit Agarwal @Mounika Pokala , Please update the branch master for below mentioned table. BFL_STD_LAKE.PL_COE_MART.RAPIDLR_BRNCH_CHNL_MASTER @Meetesh Kumar"
Rapid LR 2.0,Master Maintenance,I want to include a new form ID ( Form ID: 807333995626103 ) in the Meta lead form for Doctors so that I can track and differentiate on campaign level.
Rapid LR 2.0,Master Maintenance,Please Refresh for Rural Master Sync in Cache Memory REASON: Update in branch campaign Master bfl_std_lake . rtl_cc .rpl_rapidlr_branch_campaign_master
Rapid LR 2.0,Service Request,"Please help to share DOC POD API response of below cases hit on shared communication dates. Additionally, please share Request body if response is failed. AGREEMENT_NO POD_DATAUNIQUEID Mobile no Communication Cycle Date 75KHLGMP113454 697f883492f0c019437d0c1a18534d4f 6377172433 10-Nov-25 PE50PDF21245183 0cb15acff23547e722380addf566982b 7050025996 10-Nov-25 75JHLGMR126692 02dc4b9da19b7f166e3c2b083530abb9 6239512145 14-Nov-25 R75FDSMN702604 0f26ca1dd00664b108216c5e0aaa5936 9140323794 16-Nov-25 T49HLGMM896068 e202e1e9eaa8dd4ca76ef74b05095e0d 9600613368 16-Nov-25 W12HLGMS876148 eb0e05614e3ced37e62cad2eeeab13f4 8331859064 16-Nov-25 W77CBHMM412172 572160b68a236191dbb6450b89227ee1 7539943982 16-Nov-25 T22CBHMO514027 9b299c42a0c8a783d80be37f59433219 6260424901 16-Nov-25"
Rapid LR 2.0,Clarification,Log ID: 69f90768-39df-4d62-b1f1-e5c240a1e4e3 Campaing assigned: BFL_RAPIDLR_RPL_STP_DUMMY_PUNE Ideal Campaign : BFL_RLR_RPPL_AI_BOT_HIN_VADO
Rapid LR 2.0,Master Maintenance,"Hi @Mounika Pokala @Mohit Agarwal , Please update the master for below mentioned table. bfl_std_lake.pl_coe_mart.vw_ntb_master bfl_std_lake.plds_biz.dnd_rk_campaign_master_ntb BFL_STD_LAKE.PL_COE_MART.RAPIDLR_BRNCH_CHNL_MASTER"
Rapid LR 2.0,Master Maintenance,"Hi, Please update the master for below mentioned table at @Mohit Agarwal and @Mounika Pokala end- bfl_std_lake . pl_coe_mart . PLTB_MASTER"
Rapid LR 2.0,Master Maintenance,Tractor Event to be add in Lead Loan master
Rapid LR 2.0,Master Maintenance,Hi Requesting MASTER refresh for cache memory sync in Rural business 3in1: bfl_std_lake.rtl_cc.rpl_3in1_callback_branch_campaign_master
Rapid LR 2.0,Master Maintenance,Hi @Mounika Pokala / @Suraj Bhambure bfl_std_lake.insurance_distribution.pb_campaign_master_rlr in Rapidlr Please refresh it after it refresh at ICORS. Note: I have already raised the ticket for ICORS refresh ( 7687739 )
Rapid LR 2.0,Master Maintenance,Kindly stop the creation of loan applications with immediate effect for all Missed Call responses Request source: Missed Call Journey Name: - FB_PLCS_PREQUALIFIED
Rapid LR 2.0,Master Maintenance,The current table has been updated for AFHO business with removal of Journey event Kindly refresh the below table for syncing. Table name - Lead Lounge
Rapid LR: PL Urban,Master Maintenance,"Hi @Raj Singh4 , Kindly refresh table as I update this today."
Rapid LR 2.0,Master Maintenance,"Hi, Please update the Master @Mohit Agarwal and @Mounika Pokala end for below mentioned table- Table- bfl_std_lake.pl_coe_mart.PLTB_MASTER"
Rapid LR 2.0,Clarification,"HI, As discussed kinldy discontinue the functionality for below mentioned response campaigns- PL_T2_Response PL_T1_Response PL_PPL_Response PL_GrowthNW_Response PL_Emerging_Response"
Rapid LR 2.0,Master Maintenance,"HI @Suraj Bhambure , Please arrange to take hard refresh of the master @Mohit Agarwal and @Mounika Pokala end for below mentioned table- BFL_STD_LAKE.PL_COE_MART.RAPIDLR_LEAD_IDENTIFY_CHANNEL_MASTER"
Rapid LR 2.0,Master Maintenance,Hi @Mounika Pokala / @Suraj Bhambure Please sync the table bfl_std_lake.insurance_distribution.pincode_health_master in Rapidlr Please refresh it after it refresh at ICORS. Note: I have already raised the ticket for ICORS refresh ( 7700890 )
Rapid LR 2.0,Master Maintenance,"Hi @Mohit Agarwal @Mounika Pokala , Please update the below mentioned branch master tables - BFL_STD_LAKE.PL_COE_MART.RAPIDLR_BRNCH_CHNL_MASTER bfl_std_lake.pl_coe_mart.PLTB_MASTER @Meetesh Kumar"
Rapid LR 2.0,Master Maintenance,Hi @Mounika Pokala / @Suraj Bhambure Please sync the table bfl_std_lake.insurance_distribution.pincode_health_master in Rapidlr Please refresh it after it refresh at ICORS. Note: I have already raised the ticket for ICORS refresh ( 7675656 )
Rapid LR: PL Urban,Master Maintenance,"Hi @Raj Singh4 , Kindly refresh cw auto allocation table."
Rapid LR 2.0,Clarification,Need one help on facebook leads. I had updated master to pass login next event via plcs insert API already working for 3in1 SUPERAPP and WEB Leads but for facebook leads plcs api response id is getting null can you help with RCA and request on it logId 40cf3220-ca14-4445-a4ad-deddd6490f28 c1daf138-d545-4a43-9c6d-9073e12c8b3a 9b49ec78-fc93-48de-ad1c-ca42783f1c2b 3764ea54-5010-4b72-ba69-bf352d508b16 62ff82c3-6ae1-4ecb-b769-cb82e5f6bc8c 606d8791-112f-490a-999f-852f6dda66ef 96f45c2d-b368-49f1-8a21-38462e2011a7 Requesting Request API Body and Reponse
Rapid LR 2.0,Clarification,Please Refresh for Rural Master Sync in Cache Memory REASON: Update in branch campaign Master bfl_std_lake.rural_coe_analytics.rsl_pre_mcp_check_master
Rapid LR 2.0,Master Maintenance,Hi @Mounika Pokala / @Suraj Bhambure Please sync the table bfl_std_lake.insurance_distribution.pincode_health_master in Rapidlr Please refresh it after it refresh at ICORS. Note: I have already raised the ticket for ICORS refresh ( 7694278 )
Rapid LR 2.0,Master Maintenance,"HI, Please update the master for below mentioned table at @Mohit Agarwal and @Mounika Pokala end- bfl_std_lake . pl_coe_mart . PLTB_MASTER"
Rapid LR 2.0,Data Synching Issue,"Hi @Mohit Agarwal , We have added some columns in masters , kindly add them at your end because when Mounika is checking she is not finding those columns- BFL_STD_LAKE.PL_COE_MART.RAPIDLR_BRNCH_CHNL_MASTER - MOB_MIN_DIGIT, MOB_MAX_DIGIT and NOMENCLATURE BFL_STD_LAKE.PL_COE_MART.BRANCH_MASTER_SPL - NOMENCLATURE BFL_STD_LAKE.PL_COE_MART.PRIORITY_MASTER_SPL - NOMENCLATURE BFL_STD_LAKE.PL_COE_MART.EVENT_NOMENCLATURE_MASTER (New Table Created) - PRODUCT, DATASET, NOMENCLATURE and IDENTIFIERS BFL_STD_LAKE.PL_COE_MART.RAPIDLR_CAMPAIGN_MASTER - NOMENCLATURE, BRANCH_ID, LOCATION, PREF_LANGUAGE, MOB_MIN_DIGIT and MOB_MAX_DIGIT"
Rapid LR 2.0,Master Maintenance,"Hi, Please update the master for below mentioned table at @Mohit Agarwal and @Mounika Pokala end- BFL_STD_LAKE . PL_COE_MART . RAPIDLR_BRNCH_CHNL_MASTER"
Rapid LR 2.0,Master Maintenance,Please Refresh for Rural Master Sync in Cache Memory REASON: Update in branch campaign Master bfl_std_lake . rtl_cc .rpl_rapidlr_branch_campaign_master
Rapid LR 2.0,Master Maintenance,"Hi, please update the below mentioned table master @Mohit Agarwal and @Mounika Pokala end- BFL_STD_LAKE . PL_COE_MART . RAPIDLR_LEAD_IDENTIFY_CHANNEL_MASTER"
Rapid LR 2.0,Master Maintenance,Subject: NTB Enabling based on Event Names via NTB Event MASTER Enable current existing NTB flow+Logic for Source/Internalsoure - CONVAIBOT Product - RPPL Event Name - RPPL_FUW_B2C_CONVERT_CONVAIBOT RSL_NO_OFFER_B2C_CONVERT_CONVAIBOT RSL_NO_OFFER_B2C_GACB
Rapid LR 2.0,Master Maintenance,Hi @Mounika Pokala / @Suraj Bhambure Please sync the table bfl_std_lake.insurance_distribution.pincode_health_master in Rapidlr Please refresh it after it refresh at ICORS. Note: I have already raised the ticket for ICORS refresh (7009368 )
Rapid LR 2.0,Clarification,Hi Suraj kindly check attachment are the cases where Branch ID is null from rapid LR to salesone
Rapid LR 2.0,Master Maintenance,"Hi, Please update the below mentioned master table @Mohit Agarwal and @Mounika Pokala End- BFL_STD_LAKE . PL_COE_MART . RAPIDLR_BRNCH_CHNL_MASTER"
Rapid LR 2.0,Master Maintenance,"Hi, Please update the master @Mohit Agarwal and @Mounika Pokala end- bfl_std_lake . plds_biz . dnd_rk_campaign_master_ntb bfl_std_lake . pl_coe_mart . vw_ntb_master"
Rapid LR 2.0,Data Provide,The current table has been updated for AFHO business with addition of event Kindly refresh the below table for syncing. Table name - Lead Lounge @Suraj Bhambure
Rapid LR 2.0,Data Provide,"Hi Team, From the RapidLR to Prospect Staging feeds push pipeline, kindly confirm which fields are being pushed from RapidLR to the Prospect Staging SFDC B2C object. Please review and provide the complete list of fields included in the pipeline. Regards, Nikhil Bhosale"
Rapid LR 2.0,Master Maintenance,Hi @Mounika Pokala / @Suraj Bhambure Please sync the table bfl_std_lake.insurance_distribution.pincode_health_master in Rapidlr Please refresh it after it refresh at ICORS. Note: I have already raised the ticket for ICORS refresh ( 7074369 )
Rapid LR 2.0,Clarification,"hi, Please find the attached data , please check why feeds excluded as default campaign not set despite city is maintained in master."
Rapid LR 2.0,Clarification,"Hi @Suraj Bhambure , As per the business requirement: Where Source = TRUE CALLER and InternalSource = TRUE CALLER And as per the branch master, Flag = TIER 2 All such feeds need to be parked in the specific campaign: BFL_RAPIDLR_PLCST2_DUMMY_PUNE. Please make the necessary changes. Adding @Ajay Sayyam"
Rapid LR 2.0,Master Maintenance,"HI, Please update the master @Mohit Agarwal and @Mounika Pokala end for below mentioned table- BFL_STD_LAKE . PL_COE_MART . RAPIDLR_BRNCH_CHNL_MASTER"
Rapid LR 2.0,Clarification,"Hi , Please check why airtel feeds are not routing in this campaign- BFL_RAPIDLR_AIR_HEM_ATPL_PUNE"
Rapid LR 2.0,Master Maintenance,"Hi, As didcussed with @Mounika Pokala We did the feed routing for PLTB business es per event name , and for noitification the campaign name was BFL_RAPIDLR_PLCS_PLTB_NOT1_HEM_PUNE . Instead of that campaign please use BFL_RAPIDLR_PLCS_PLTB_NOT1_PUNE."
Rapid LR 2.0,Master Maintenance,Hi @Mounika Pokala / @Suraj Bhambure Please sync the table bfl_std_lake.insurance_distribution.pincode_health_master in Rapidlr Please refresh it after it refresh at ICORS. Note: I have already raised the ticket for ICORS refresh ( 7078657 )
Rapid LR 2.0,Clarification,Professional Loans Digital MERE Real Time leads not being received in SFDC Kindly check Last lead was received on 22/8/2025 11:02 am (Lead - https://bflsme.lightning.force.com/lightning/r/00QOo00000N9DnEMAV/view )
Rapid LR 2.0,Master Maintenance,Hi Please refresh the tables bfl_std_lake.sme_coe.mbls_campaign_rapidlr
Rapid LR 2.0,IT Requests,"Hi , Please replace the Form ID to Form ID: 1122891109747448 Form Name: Business_Loan_Form_Aug'25"
Rapid LR 2.0,Master Maintenance,bfl_std_lake . rural_coe_analytics .rsl_pre_mcp_check_master Please refresh Rapid LR for above RSL master. CONFIRM first if it is synced at cosmos/adx Refrsh on MONDAY - 11th Aug'25
Rapid LR 2.0,Master Maintenance,Hi @Mounika Pokala / @Suraj Bhambure bfl_std_lake.insurance_distribution.pb_campaign_master_rlr in Rapidlr Please refresh it after it refresh at ICORS. Note: I have already raised the ticket for ICORS refresh ( 8087628 )
Rapid LR 2.0,Master Maintenance,Please refresh following table - bfl_std_lake.mktg_web_wpb.web_app_master_lead_lounge
Rapid LR 2.0,Master Maintenance,"Hi @Mohit Agarwal @Mounika Pokala , Please update the master's for the below-mentioned table. Additionally, we request you to refresh the SFDC Push table, as the Growth_SE business want PLPPL feeds to be routed on the Prospect staging. Accordingly, we have updated the value in the SFDC Push column for PLPPL to ‘YES’ . BFL_STD_LAKE.PL_COE_MART.RAPIDLR_BRNCH_CHNL_MASTER bfl_std_lake.pl_coe_mart.PLTB_MASTER bfl_std_lake.pl_coe_mart.vw_ntb_master bfl_std_lake.plds_biz.dnd_rk_campaign_master_ntb FA Master - bfl_std_lake.pl_coe_mart.vw_rapidlr_fa_allocation_master @Meetesh Kumar"
Rapid LR 2.0,Master Maintenance,"HI @Mounika Pokala , Please change the ID as per below for Prospect staging feeds routing from rapid LR identifier campaign PL-SFDC-OWNERID 0052w000009M1hxAAC PL-SFDC-USERROLEMASTER a1h2w0000005amjAAA"
Rapid LR 2.0,Master Maintenance,"Hi @Suraj Bhambure , Please update the master @Mohit Agarwal and @Mounika Pokala end- bfl_std_lake.pl_coe_mart.vw_rapidlr_fa_allocation_master"
Rapid LR 2.0,Master Maintenance,"Hi @Mounika Pokala @Mohit Agarwal , Please update the master's for below mentioned table - BFL_STD_LAKE.PL_COE_MART.RAPIDLR_BRNCH_CHNL_MASTER bfl_std_lake.pl_coe_mart.PLTB_MASTER"
Rapid LR 2.0,Master Maintenance,Hi @Mounika Pokala / @Suraj Bhambure Please sync the table bfl_std_lake.insurance_distribution.pincode_health_master in Rapidlr Please refresh it after it refresh at ICORS. Note: I have already raised the ticket for ICORS refresh ( 8087607 )
Rapid LR 2.0,Master Maintenance,"Hi, Please update the below mentioned table master urgently at @Mohit Agarwal and @Mounika Pokala end- bfl_std_lake.pl_coe_mart.vw_rapidlr_fa_allocation_master"
Rapid LR 2.0,Clarification,"Hi, Despite the master refresh , data is not pushing in Prospact staging, kindly check and resolve."
Rapid LR: PL Urban,Master Maintenance,Kindly sync below RAPID LR table in production environment. Table Name: - BFL_STD_LAKE.PL_COE_Mdm.RAPIDLR_LEAD_IDENTIFY_CHANNEL_MASTER
Rapid LR 2.0,Service Request,"Hi @Mounika Pokala , Please update the event master for below mentioned table. bfl_std_lake.pl_coe_mart.vw_rapidlr_dl_event_master"
Rapid LR 2.0,Master Maintenance,"Hi @Mounika Pokala @Mohit Agarwal , Please update the FA Allocation master for below mentioned table- bfl_std_lake.pl_coe_mart.vw_rapidlr_fa_allocation_master"
Rapid LR 2.0,Master Maintenance,"Hi, Please update the master uregently @Mohit Agarwal and @Mounika Pokala end- bfl_std_lake . pl_coe_mart . vw_rapidlr_fa_allocation_master"
Rapid LR 2.0,Master Maintenance,"Hi @Mounika Pokala @Mohit Agarwal , Please update the FA Allocation master for below mentioned table- bfl_std_lake.pl_coe_mart.vw_rapidlr_fa_allocation_master"
Rapid LR 2.0,Clarification,"Hi @Mounika Pokala , As discussed, please check the below sample logs ID, the data are not pushing on prospect stagging of Growth SE business. despite all master's have been updated. logId 09508632-bbb4-45d8-8651-fbe8b044494e a4150cd0-d148-4fef-96f0-1274b8635ca6 1d776a1c-95c9-4ab3-9830-2b5f780a06d9 350115c6-8061-43e2-bdd6-67ec252771c5 34e25689-c10b-4778-9462-ba0efb203925 4cd55576-f2bf-45f8-82d9-bb0fe2a6fd29 009a7b27-7ffb-44a7-be6e-b6282065a7f1 aec1d09b-0f32-401d-9b1a-50700a2d6adf @Meetesh Kumar"
Rapid LR 2.0,Insufficient data,"Hi Suraj, After completing Gold Loan lead journey on app & web, SMS (& WhatsApp) message are not receiving. Please check. Sample: Date : 30.01.2026 Time around : 10:46 am mobile number - 8761849372 Platform: App Date : 03.02.2026 Time around : 10:28 am mobile number - 9423765077 Platform: App"
Rapid LR 2.0,Clarification,"Hi @Mounika Pokala , Please check the below sample cases. These cases are live in PLCS; however, they are incorrectly flagged as NTB and tagged as ‘No Offer Found.’ Kindly refer to the attached file for reference. logId e95076ef-c35f-474f-950b-5166739eda9b 7d37d799-bf18-4413-a0f0-ac46651d6155 b7e160e4-f0b3-415f-9798-93ddd58ff986 e4b75277-02ed-4934-9d42-824139d7f63a 40249f84-7c21-4305-b64b-f2d5053631db fb3b4cdd-73e2-40d4-8ba6-f79863783eb9 @Meetesh Kumar"
